-- =========================
-- INSERT DATA FOR RESTAURANT DB
-- =========================

-- 1) CUSTOMER
INSERT INTO CUSTOMER (CUS_ID, CUS_NAME, CUS_PHONE) VALUES ('C102','Nur Aina','017-2233445');
INSERT INTO CUSTOMER (CUS_ID, CUS_NAME, CUS_PHONE) VALUES ('C645','Alice','018-7763982');
INSERT INTO CUSTOMER (CUS_ID, CUS_NAME, CUS_PHONE) VALUES ('C789','Lim Wei Han','011-1322788');
INSERT INTO CUSTOMER (CUS_ID, CUS_NAME, CUS_PHONE) VALUES ('C237','Annelise Jones','019-3382708');
INSERT INTO CUSTOMER (CUS_ID, CUS_NAME, CUS_PHONE) VALUES ('C512','Aisyah Rahman','012-7748392');
INSERT INTO CUSTOMER (CUS_ID, CUS_NAME, CUS_PHONE) VALUES ('C688','Daniel Wong','016-9032847');
INSERT INTO CUSTOMER (CUS_ID, CUS_NAME, CUS_PHONE) VALUES ('C134','Muhammad Irfan','013-5567821');
INSERT INTO CUSTOMER (CUS_ID, CUS_NAME, CUS_PHONE) VALUES ('C253','Tan Jia Hui','012-9938271');
INSERT INTO CUSTOMER (CUS_ID, CUS_NAME, CUS_PHONE) VALUES ('C311','Siti Nur Amal','014-2387193');
INSERT INTO CUSTOMER (CUS_ID, CUS_NAME, CUS_PHONE) VALUES ('C490','Jason Lee','017-8845123');
INSERT INTO CUSTOMER (CUS_ID, CUS_NAME, CUS_PHONE) VALUES ('C556','Nur Syafiqah','018-3478129');
INSERT INTO CUSTOMER (CUS_ID, CUS_NAME, CUS_PHONE) VALUES ('C617','Ahmad Faiz','011-6723498');
INSERT INTO CUSTOMER (CUS_ID, CUS_NAME, CUS_PHONE) VALUES ('C707','Chloe Tan','016-9982341');
INSERT INTO CUSTOMER (CUS_ID, CUS_NAME, CUS_PHONE) VALUES ('C889','Kelvin Ong','019-4478123');

-- 2) STAFF
INSERT INTO STAFF (STA_ID, STA_NAME, STA_ROLE, STA_CONTACT, STA_SHIFT) VALUES ('S679','Efan Shafiq','Manager','016-2746892','9:30–18:30');
INSERT INTO STAFF (STA_ID, STA_NAME, STA_ROLE, STA_CONTACT, STA_SHIFT) VALUES ('S347','Farid Hassan','Kitchen Staff','017-6289361','8:00–18:30');
INSERT INTO STAFF (STA_ID, STA_NAME, STA_ROLE, STA_CONTACT, STA_SHIFT) VALUES ('S124','Chef Rahim','Main Chef','018-3789237','8:00–18:30');
INSERT INTO STAFF (STA_ID, STA_NAME, STA_ROLE, STA_CONTACT, STA_SHIFT) VALUES ('S182','Darlene','Kitchen Staff','013-9247824','9:00–18:30');
INSERT INTO STAFF (STA_ID, STA_NAME, STA_ROLE, STA_CONTACT, STA_SHIFT) VALUES ('S234','William Smithfield','Kitchen Staff','019-2749193','8:00–18:30');
INSERT INTO STAFF (STA_ID, STA_NAME, STA_ROLE, STA_CONTACT, STA_SHIFT) VALUES ('S635','John','Kitchen Staff','018-4891749','9:00–18:30');
INSERT INTO STAFF (STA_ID, STA_NAME, STA_ROLE, STA_CONTACT, STA_SHIFT) VALUES ('S273','Aiman Hakimi','Cashier','012-3345891','10:00–19:00');
INSERT INTO STAFF (STA_ID, STA_NAME, STA_ROLE, STA_CONTACT, STA_SHIFT) VALUES ('S846','Nurul Izzah','Cashier','014-8834721','10:00–19:00');
INSERT INTO STAFF (STA_ID, STA_NAME, STA_ROLE, STA_CONTACT, STA_SHIFT) VALUES ('S519','Bryan Lim','Waiter','016-7723498','11:00–20:00');
INSERT INTO STAFF (STA_ID, STA_NAME, STA_ROLE, STA_CONTACT, STA_SHIFT) VALUES ('S702','Sarah Lee','Waitress','017-9982345','11:00–20:00');
INSERT INTO STAFF (STA_ID, STA_NAME, STA_ROLE, STA_CONTACT, STA_SHIFT) VALUES ('S391','Daniel Ho','Cashier','018-3345782','10:00–19:00');
INSERT INTO STAFF (STA_ID, STA_NAME, STA_ROLE, STA_CONTACT, STA_SHIFT) VALUES ('S658','Nabila Rahim','Waitress','014-8823499','11:00–20:00');
INSERT INTO STAFF (STA_ID, STA_NAME, STA_ROLE, STA_CONTACT, STA_SHIFT) VALUES ('S184','Kelvin Tan','Supervisor','019-6678123','9:00–18:00');
INSERT INTO STAFF (STA_ID, STA_NAME, STA_ROLE, STA_CONTACT, STA_SHIFT) VALUES ('S927','Amirul Syafiq','Kitchen Staff','013-5578129','8:00–18:30');

-- 3) SUPPLIER
INSERT INTO SUPPLIER (SUP_ID, SUP_NAME, SUP_CONTACT) VALUES ('SUP01','FreshFoods Supply','03-2839749');
INSERT INTO SUPPLIER (SUP_ID, SUP_NAME, SUP_CONTACT) VALUES ('SUP02','AsiaRice Wholesale','03-2974912');
INSERT INTO SUPPLIER (SUP_ID, SUP_NAME, SUP_CONTACT) VALUES ('SUP03','GreenFarm Vegetables','03-6678123');
INSERT INTO SUPPLIER (SUP_ID, SUP_NAME, SUP_CONTACT) VALUES ('SUP05','HappyBakery Supply','03-4478912');
INSERT INTO SUPPLIER (SUP_ID, SUP_NAME, SUP_CONTACT) VALUES ('SUP06','PrimeMeat Supplier','03-7765234');
INSERT INTO SUPPLIER (SUP_ID, SUP_NAME, SUP_CONTACT) VALUES ('SUP07','GoldenSpice Trading','03-3345892');
INSERT INTO SUPPLIER (SUP_ID, SUP_NAME, SUP_CONTACT) VALUES ('SUP08','NatureJuice Co','03-9987123');

-- 4) MENUITEM
INSERT INTO MENUITEM (ITEM_ID, ITEM_NAME, ITEM_CATEGORY, ITEM_PRICE, SUP_ID, ITEM_STOCKQTY) VALUES ('I029','Spaghetti Bolognese','Western',12.9,'SUP02',25);
INSERT INTO MENUITEM (ITEM_ID, ITEM_NAME, ITEM_CATEGORY, ITEM_PRICE, SUP_ID, ITEM_STOCKQTY) VALUES ('I124','Beef Burger','Western',19.9,'SUP06',28);
INSERT INTO MENUITEM (ITEM_ID, ITEM_NAME, ITEM_CATEGORY, ITEM_PRICE, SUP_ID, ITEM_STOCKQTY) VALUES ('I189','Sweet Pumpkin Soup','Chinese-style',10.9,'SUP02',12);
INSERT INTO MENUITEM (ITEM_ID, ITEM_NAME, ITEM_CATEGORY, ITEM_PRICE, SUP_ID, ITEM_STOCKQTY) VALUES ('I228','Chicken Caesar Salad','Western',16.9,'SUP03',20);
INSERT INTO MENUITEM (ITEM_ID, ITEM_NAME, ITEM_CATEGORY, ITEM_PRICE, SUP_ID, ITEM_STOCKQTY) VALUES ('I292','Chocolate Cake','Western',11.9,'SUP05',18);
INSERT INTO MENUITEM (ITEM_ID, ITEM_NAME, ITEM_CATEGORY, ITEM_PRICE, SUP_ID, ITEM_STOCKQTY) VALUES ('I317','Iced Lemon Tea','Beverage',6.9,'SUP08',50);
INSERT INTO MENUITEM (ITEM_ID, ITEM_NAME, ITEM_CATEGORY, ITEM_PRICE, SUP_ID, ITEM_STOCKQTY) VALUES ('I364','Guava Juice','Local',9.9,'SUP01',34);
INSERT INTO MENUITEM (ITEM_ID, ITEM_NAME, ITEM_CATEGORY, ITEM_PRICE, SUP_ID, ITEM_STOCKQTY) VALUES ('I367','Chicken Chop Fried Rice','Local',10.9,'SUP01',40);
INSERT INTO MENUITEM (ITEM_ID, ITEM_NAME, ITEM_CATEGORY, ITEM_PRICE, SUP_ID, ITEM_STOCKQTY) VALUES ('I490','Grilled Smoked Duck Sandwich','Western',18.9,'SUP08',35);
INSERT INTO MENUITEM (ITEM_ID, ITEM_NAME, ITEM_CATEGORY, ITEM_PRICE, SUP_ID, ITEM_STOCKQTY) VALUES ('I510','Nasi Lemak','Local',8.9,'SUP02',45);
INSERT INTO MENUITEM (ITEM_ID, ITEM_NAME, ITEM_CATEGORY, ITEM_PRICE, SUP_ID, ITEM_STOCKQTY) VALUES ('I716','Spring Roll','Chinese-style',7.9,'SUP07',50);
INSERT INTO MENUITEM (ITEM_ID, ITEM_NAME, ITEM_CATEGORY, ITEM_PRICE, SUP_ID, ITEM_STOCKQTY) VALUES ('I724','Cappuccino','Beverage',7.9,'SUP08',30);
INSERT INTO MENUITEM (ITEM_ID, ITEM_NAME, ITEM_CATEGORY, ITEM_PRICE, SUP_ID, ITEM_STOCKQTY) VALUES ('I278','Citrus Prawn Salad','Western',25.9,'SUP01',23);
INSERT INTO MENUITEM (ITEM_ID, ITEM_NAME, ITEM_CATEGORY, ITEM_PRICE, SUP_ID, ITEM_STOCKQTY) VALUES ('I298','Creamy Mushroom Pasta','Western',13.8,'SUP01',18);
INSERT INTO MENUITEM (ITEM_ID, ITEM_NAME, ITEM_CATEGORY, ITEM_PRICE, SUP_ID, ITEM_STOCKQTY) VALUES ('I910','Mushroom Soup','Western',9.9,'SUP03',22);

-- 5) ORDERS
INSERT INTO ORDERS (ORD_ID, CUS_ID, ORD_DATE, STA_ID, ORD_TOTALAMOUNT) VALUES ('O1001','C102',TO_DATE('2025-11-15 12:30','YYYY-MM-DD HH24:MI'),'S679',34.6);
INSERT INTO ORDERS (ORD_ID, CUS_ID, ORD_DATE, STA_ID, ORD_TOTALAMOUNT) VALUES ('O1002','C102',TO_DATE('2025-11-15 18:00','YYYY-MM-DD HH24:MI'),'S679',38.8);
INSERT INTO ORDERS (ORD_ID, CUS_ID, ORD_DATE, STA_ID, ORD_TOTALAMOUNT) VALUES ('O1003','C645',TO_DATE('2025-11-15 12:30','YYYY-MM-DD HH24:MI'),'S347',23.8);
INSERT INTO ORDERS (ORD_ID, CUS_ID, ORD_DATE, STA_ID, ORD_TOTALAMOUNT) VALUES ('O1004','C789',TO_DATE('2025-11-15 17:45','YYYY-MM-DD HH24:MI'),'S124',27.6);
INSERT INTO ORDERS (ORD_ID, CUS_ID, ORD_DATE, STA_ID, ORD_TOTALAMOUNT) VALUES ('O1005','C789',TO_DATE('2025-11-16 18:30','YYYY-MM-DD HH24:MI'),'S124',19.9);
INSERT INTO ORDERS (ORD_ID, CUS_ID, ORD_DATE, STA_ID, ORD_TOTALAMOUNT) VALUES ('O1006','C789',TO_DATE('2025-11-17 18:40','YYYY-MM-DD HH24:MI'),'S124',26.8);
INSERT INTO ORDERS (ORD_ID, CUS_ID, ORD_DATE, STA_ID, ORD_TOTALAMOUNT) VALUES ('O1007','C237',TO_DATE('2025-11-15 17:45','YYYY-MM-DD HH24:MI'),'S182',56.5);
INSERT INTO ORDERS (ORD_ID, CUS_ID, ORD_DATE, STA_ID, ORD_TOTALAMOUNT) VALUES ('O1008','C237',TO_DATE('2025-11-15 18:30','YYYY-MM-DD HH24:MI'),'S182',20.8);
INSERT INTO ORDERS (ORD_ID, CUS_ID, ORD_DATE, STA_ID, ORD_TOTALAMOUNT) VALUES ('O1009','C512',TO_DATE('2025-11-15 18:30','YYYY-MM-DD HH24:MI'),'S234',20.8);
INSERT INTO ORDERS (ORD_ID, CUS_ID, ORD_DATE, STA_ID, ORD_TOTALAMOUNT) VALUES ('O1010','C688',TO_DATE('2025-11-15 12:00','YYYY-MM-DD HH24:MI'),'S635',12.9);
INSERT INTO ORDERS (ORD_ID, CUS_ID, ORD_DATE, STA_ID, ORD_TOTALAMOUNT) VALUES ('O1011','C688',TO_DATE('2025-11-16 13:20','YYYY-MM-DD HH24:MI'),'S635',16.9);
INSERT INTO ORDERS (ORD_ID, CUS_ID, ORD_DATE, STA_ID, ORD_TOTALAMOUNT) VALUES ('O1012','C688',TO_DATE('2025-11-17 12:15','YYYY-MM-DD HH24:MI'),'S635',9.9);
INSERT INTO ORDERS (ORD_ID, CUS_ID, ORD_DATE, STA_ID, ORD_TOTALAMOUNT) VALUES ('O1013','C688',TO_DATE('2025-11-17 19:00','YYYY-MM-DD HH24:MI'),'S635',38.7);
INSERT INTO ORDERS (ORD_ID, CUS_ID, ORD_DATE, STA_ID, ORD_TOTALAMOUNT) VALUES ('O1014','C134',TO_DATE('2025-11-16 13:00','YYYY-MM-DD HH24:MI'),'S273',17.8);
INSERT INTO ORDERS (ORD_ID, CUS_ID, ORD_DATE, STA_ID, ORD_TOTALAMOUNT) VALUES ('O1015','C253',TO_DATE('2025-11-16 13:20','YYYY-MM-DD HH24:MI'),'S846',16.9);
INSERT INTO ORDERS (ORD_ID, CUS_ID, ORD_DATE, STA_ID, ORD_TOTALAMOUNT) VALUES ('O1016','C253',TO_DATE('2025-11-16 18:30','YYYY-MM-DD HH24:MI'),'S846',26.8);
INSERT INTO ORDERS (ORD_ID, CUS_ID, ORD_DATE, STA_ID, ORD_TOTALAMOUNT) VALUES ('O1017','C311',TO_DATE('2025-11-16 18:10','YYYY-MM-DD HH24:MI'),'S519',13.8);
INSERT INTO ORDERS (ORD_ID, CUS_ID, ORD_DATE, STA_ID, ORD_TOTALAMOUNT) VALUES ('O1018','C311',TO_DATE('2025-11-17 12:15','YYYY-MM-DD HH24:MI'),'S519',9.9);
INSERT INTO ORDERS (ORD_ID, CUS_ID, ORD_DATE, STA_ID, ORD_TOTALAMOUNT) VALUES ('O1019','C311',TO_DATE('2025-11-17 18:40','YYYY-MM-DD HH24:MI'),'S519',7.9);
INSERT INTO ORDERS (ORD_ID, CUS_ID, ORD_DATE, STA_ID, ORD_TOTALAMOUNT) VALUES ('O1020','C490',TO_DATE('2025-11-16 18:30','YYYY-MM-DD HH24:MI'),'S702',19.9);
INSERT INTO ORDERS (ORD_ID, CUS_ID, ORD_DATE, STA_ID, ORD_TOTALAMOUNT) VALUES ('O1021','C490',TO_DATE('2025-11-17 13:45','YYYY-MM-DD HH24:MI'),'S702',23.7);
INSERT INTO ORDERS (ORD_ID, CUS_ID, ORD_DATE, STA_ID, ORD_TOTALAMOUNT) VALUES ('O1022','C556',TO_DATE('2025-11-17 12:15','YYYY-MM-DD HH24:MI'),'S391',16.8);
INSERT INTO ORDERS (ORD_ID, CUS_ID, ORD_DATE, STA_ID, ORD_TOTALAMOUNT) VALUES ('O1023','C617',TO_DATE('2025-11-17 13:45','YYYY-MM-DD HH24:MI'),'S658',8.9);
INSERT INTO ORDERS (ORD_ID, CUS_ID, ORD_DATE, STA_ID, ORD_TOTALAMOUNT) VALUES ('O1024','C617',TO_DATE('2025-11-16 13:00','YYYY-MM-DD HH24:MI'),'S658',7.9);
INSERT INTO ORDERS (ORD_ID, CUS_ID, ORD_DATE, STA_ID, ORD_TOTALAMOUNT) VALUES ('O1025','C707',TO_DATE('2025-11-17 18:40','YYYY-MM-DD HH24:MI'),'S184',26.8);
INSERT INTO ORDERS (ORD_ID, CUS_ID, ORD_DATE, STA_ID, ORD_TOTALAMOUNT) VALUES ('O1026','C707',TO_DATE('2025-11-16 13:20','YYYY-MM-DD HH24:MI'),'S184',16.9);
INSERT INTO ORDERS (ORD_ID, CUS_ID, ORD_DATE, STA_ID, ORD_TOTALAMOUNT) VALUES ('O1027','C707',TO_DATE('2025-11-16 18:10','YYYY-MM-DD HH24:MI'),'S184',13.8);
INSERT INTO ORDERS (ORD_ID, CUS_ID, ORD_DATE, STA_ID, ORD_TOTALAMOUNT) VALUES ('O1028','C889',TO_DATE('2025-11-17 19:00','YYYY-MM-DD HH24:MI'),'S927',31.8);
INSERT INTO ORDERS (ORD_ID, CUS_ID, ORD_DATE, STA_ID, ORD_TOTALAMOUNT) VALUES ('O1029','C889',TO_DATE('2025-11-16 18:30','YYYY-MM-DD HH24:MI'),'S927',18.9);
INSERT INTO ORDERS (ORD_ID, CUS_ID, ORD_DATE, STA_ID, ORD_TOTALAMOUNT) VALUES ('O1030','C889',TO_DATE('2025-11-15 12:00','YYYY-MM-DD HH24:MI'),'S927',6.9);
INSERT INTO ORDERS (ORD_ID, CUS_ID, ORD_DATE, STA_ID, ORD_TOTALAMOUNT) VALUES ('O1031','C889',TO_DATE('2025-11-17 12:15','YYYY-MM-DD HH24:MI'),'S927',9.9);


-- 6) ORDERDETAIL
INSERT INTO ORDERDETAIL (ORD_ID, ITEM_ID, QUANTITY) VALUES ('O1001','I367',1);
INSERT INTO ORDERDETAIL (ORD_ID, ITEM_ID, QUANTITY) VALUES ('O1001','I298',1);
INSERT INTO ORDERDETAIL (ORD_ID, ITEM_ID, QUANTITY) VALUES ('O1001','I364',1);
INSERT INTO ORDERDETAIL (ORD_ID, ITEM_ID, QUANTITY) VALUES ('O1002','I029',1);
INSERT INTO ORDERDETAIL (ORD_ID, ITEM_ID, QUANTITY) VALUES ('O1002','I278',1);
INSERT INTO ORDERDETAIL (ORD_ID, ITEM_ID, QUANTITY) VALUES ('O1003','I029',1);
INSERT INTO ORDERDETAIL (ORD_ID, ITEM_ID, QUANTITY) VALUES ('O1003','I189',1);
INSERT INTO ORDERDETAIL (ORD_ID, ITEM_ID, QUANTITY) VALUES ('O1004','I298',2);
INSERT INTO ORDERDETAIL (ORD_ID, ITEM_ID, QUANTITY) VALUES ('O1005','I124',1);
INSERT INTO ORDERDETAIL (ORD_ID, ITEM_ID, QUANTITY) VALUES ('O1006','I490',1);
INSERT INTO ORDERDETAIL (ORD_ID, ITEM_ID, QUANTITY) VALUES ('O1006','I724',1);
INSERT INTO ORDERDETAIL (ORD_ID, ITEM_ID, QUANTITY) VALUES ('O1007','I029',1);
INSERT INTO ORDERDETAIL (ORD_ID, ITEM_ID, QUANTITY) VALUES ('O1007','I367',1);
INSERT INTO ORDERDETAIL (ORD_ID, ITEM_ID, QUANTITY) VALUES ('O1007','I298',1);
INSERT INTO ORDERDETAIL (ORD_ID, ITEM_ID, QUANTITY) VALUES ('O1007','I490',1);
INSERT INTO ORDERDETAIL (ORD_ID, ITEM_ID, QUANTITY) VALUES ('O1008','I364',1);
INSERT INTO ORDERDETAIL (ORD_ID, ITEM_ID, QUANTITY) VALUES ('O1008','I189',1);
INSERT INTO ORDERDETAIL (ORD_ID, ITEM_ID, QUANTITY) VALUES ('O1009','I364',1);
INSERT INTO ORDERDETAIL (ORD_ID, ITEM_ID, QUANTITY) VALUES ('O1009','I189',1);
INSERT INTO ORDERDETAIL (ORD_ID, ITEM_ID, QUANTITY) VALUES ('O1010','I029',1);
INSERT INTO ORDERDETAIL (ORD_ID, ITEM_ID, QUANTITY) VALUES ('O1011','I228',1);
INSERT INTO ORDERDETAIL (ORD_ID, ITEM_ID, QUANTITY) VALUES ('O1012','I910',1);
INSERT INTO ORDERDETAIL (ORD_ID, ITEM_ID, QUANTITY) VALUES ('O1013','I317',1);
INSERT INTO ORDERDETAIL (ORD_ID, ITEM_ID, QUANTITY) VALUES ('O1013','I124',1);
INSERT INTO ORDERDETAIL (ORD_ID, ITEM_ID, QUANTITY) VALUES ('O1013','I292',1);
INSERT INTO ORDERDETAIL (ORD_ID, ITEM_ID, QUANTITY) VALUES ('O1014','I510',2);
INSERT INTO ORDERDETAIL (ORD_ID, ITEM_ID, QUANTITY) VALUES ('O1015','I228',1);
INSERT INTO ORDERDETAIL (ORD_ID, ITEM_ID, QUANTITY) VALUES ('O1016','I124',1);
INSERT INTO ORDERDETAIL (ORD_ID, ITEM_ID, QUANTITY) VALUES ('O1016','I317',1);
INSERT INTO ORDERDETAIL (ORD_ID, ITEM_ID, QUANTITY) VALUES ('O1017','I317',2);
INSERT INTO ORDERDETAIL (ORD_ID, ITEM_ID, QUANTITY) VALUES ('O1018','I910',1);
INSERT INTO ORDERDETAIL (ORD_ID, ITEM_ID, QUANTITY) VALUES ('O1019','I724',1);
INSERT INTO ORDERDETAIL (ORD_ID, ITEM_ID, QUANTITY) VALUES ('O1020','I124',1);
INSERT INTO ORDERDETAIL (ORD_ID, ITEM_ID, QUANTITY) VALUES ('O1021','I317',1);
INSERT INTO ORDERDETAIL (ORD_ID, ITEM_ID, QUANTITY) VALUES ('O1021','I510',1);
INSERT INTO ORDERDETAIL (ORD_ID, ITEM_ID, QUANTITY) VALUES ('O1021','I716',1);
INSERT INTO ORDERDETAIL (ORD_ID, ITEM_ID, QUANTITY) VALUES ('O1022','I910',1);
INSERT INTO ORDERDETAIL (ORD_ID, ITEM_ID, QUANTITY) VALUES ('O1022','I317',1);
INSERT INTO ORDERDETAIL (ORD_ID, ITEM_ID, QUANTITY) VALUES ('O1023','I510',1);
INSERT INTO ORDERDETAIL (ORD_ID, ITEM_ID, QUANTITY) VALUES ('O1024','I716',1);
INSERT INTO ORDERDETAIL (ORD_ID, ITEM_ID, QUANTITY) VALUES ('O1025','I490',1);
INSERT INTO ORDERDETAIL (ORD_ID, ITEM_ID, QUANTITY) VALUES ('O1025','I724',1);
INSERT INTO ORDERDETAIL (ORD_ID, ITEM_ID, QUANTITY) VALUES ('O1026','I228',1);
INSERT INTO ORDERDETAIL (ORD_ID, ITEM_ID, QUANTITY) VALUES ('O1027','I317',2);
INSERT INTO ORDERDETAIL (ORD_ID, ITEM_ID, QUANTITY) VALUES ('O1028','I124',1);
INSERT INTO ORDERDETAIL (ORD_ID, ITEM_ID, QUANTITY) VALUES ('O1028','I292',1);
INSERT INTO ORDERDETAIL (ORD_ID, ITEM_ID, QUANTITY) VALUES ('O1029','I490',1);
INSERT INTO ORDERDETAIL (ORD_ID, ITEM_ID, QUANTITY) VALUES ('O1030','I317',1);
INSERT INTO ORDERDETAIL (ORD_ID, ITEM_ID, QUANTITY) VALUES ('O1031','I910',1);


SELECT * FROM CUSTOMER;
SELECT * FROM STAFF;
SELECT * FROM SUPPLIER;
SELECT * FROM MENUITEM;
SELECT * FROM ORDERS;
SELECT * FROM ORDERDETAIL;

-- Update DATA FOR RESTAURANT DB
UPDATE CUSTOMER
SET CUS_PHONE = '019-8888777'
WHERE CUS_ID = 'C102';

SELECT CUS_ID, CUS_PHONE
FROM CUSTOMER
WHERE CUS_ID = 'C102';

UPDATE STAFF
SET STA_ROLE = 'Main Chef'
WHERE STA_ID = 'S182';

SELECT STA_ID, STA_ROLE
FROM STAFF
WHERE STA_ID = 'S182';

UPDATE ORDERDETAIL
SET QUANTITY = 2
WHERE ORD_ID = 'O1001' AND ITEM_ID = 'I367';

SELECT ORD_ID, ITEM_ID, QUANTITY
FROM ORDERDETAIL
WHERE ORD_ID = 'O1001' AND ITEM_ID = 'I367';

-- DELETE DATA FOR RESTAURANT DB
DELETE FROM ORDERDETAIL WHERE ORD_ID IN (
    SELECT ORD_ID FROM ORDERS WHERE CUS_ID = 'C102'
);

SELECT *
FROM ORDERDETAIL
WHERE ORD_ID IN (SELECT ORD_ID FROM ORDERS WHERE CUS_ID = 'C102');

DELETE FROM ORDERS WHERE CUS_ID = 'C102';

SELECT *
FROM ORDERS
WHERE CUS_ID = 'C102';

DELETE FROM CUSTOMER WHERE CUS_ID = 'C102';

SELECT *
FROM CUSTOMER
WHERE CUS_ID = 'C102';

COMMIT;










